REPLACES_PART,QUANTITY
AMC20YOKEUBK,52
AM20BK,13
AP1000,917
A10469,119
A1106,193
A1197,354
A1198,1090
A1242,56
A1301,
A1397,435
A1542,51
A1583,8415
A17702,-1
A2250,1988
A2389,102
A2586,166
A2754,60
A2934B,17
A2934CR,124
A3051,243
A3051K,71
A3110,8
A410,581
A4127,140
A474,17701
A490K,1543
A495,-7
A519,51
A5294,20
A5554,228
A568,3
A6118,
A614,53
A6318,
A633,569
A6742K,730
A6760,3228
A679840,
A692N,237
A7236,12
A739,
A7443,255
A7445,116
A754,420
A792,6048
A8249,315
A856,1443
A867K,1276
A878,3726
A9332,-5
A998X,39
BKAX5E,21
BKNV1500,3
BKT4M,28
B0015491,64
CAK1,8
CAK10,19
CAK11,26
CAK12,2
CAK13,13
CAK14,14
CAK15,
CAK16,
CAK2,6
CAK3,24
CAK4,11
CAK5,10
CAK7,18
CAK8,17
CBXEF230AB,649
DS10037,
D30EPBK,8
D30JK488,2
D30LPBK,2
D300BK,1
D300GS,404
D300YOKEUBK,75
D30456JK,2
D30488TJ,2
D35KJMASKIT,5
D44JK410R,5
D44JK456F,2
D44JK488R,1
D44JK513F,2
D44JK513R,3
D44JK538F,3
D44JK538R,3
E0021337,18
E0021456,35
E0022799,7
E0036152,14
E0045378,23
E0045379,10
E0054079,6
E0054227,123
E0055188,3
E0055277AA,5
FW80PX9,2070
G0004856,19
G103905,420
G107823,68
G114499,932
G120638,1520
G131207,813
G9416532,5118
G9433653,22
HK8795YJ,-26
H2540,3
H2541,-1
H7064,
H7128,151
H7149,102
H7170,177
JA000476,2504
JA000837,134
JA000866,2580
JA000990,1536
JA001410,469
JA001484,205
JA006156,86
JK060817,-2
JK060905,13
JK061025,
JY017465,23
J0124824,18536
J0274428,1586
J0638513,2267
J0638640,218
J0642057,39
J0729376,6
J0805602,1948
J0807478,478
J0809191,440
J0906201,52
J0916688,2
J0918257,113
J0937952,72
J0939001,5975
J0940398,-2
J0945451,13820
J0946177,4776
J0947224,2451
J0971673,949
J0972278,878
J0973658,137
J0991030,17316
J0992010,608
J0999416,167
J3170271,818
J3172848,647
J3177635,1696
J3189066,
J3189718,953
J3192434,2711
J3200501,2482
J3203079,1249
J3215939,104
J3223024,474
J3223413,34
J3223414,42
J3223416,219
J3226119,1215
J3229510,11505
J3229983,-2
J3237817,
J3237818,1
J3242678,13
J3631218,2
J4003672,237
J4004311,991
J4006211,9283
J4006866,260
J4006926,9549
J4006956BLK,-66
J4007117,16663
J4007570,1807
J4007571,6296
J4487711,1917
J5350570,307
J5354381,11
J5357412,407
J5358444,-13
J5450662,382
J5456647,40
J5456734,-15
J5457057,310
J5459207,769
J5462332,377
J5462446,297
J5462784,-10
J5469603,4
J5758027,181
J5758072,39
J8121392,5008
J8121813,5441
J8123318,613
J8126991,60
J8127351,913
J8127395,3888
J8127850,1451
J8128191,51
J8128520,548
J8130364,283
J8131689,2737
J8132203,12
J8132369,
J8132401,35
J8134441020,6
J8134490,1534
K490,2
K500063,12
K55038,4
K551,9
K55138,2
LSPACER,360
LSK1,1
LSK3,-2
LSK4,-8
L0003457,79
MB303868,4616
MFK1,16
MFK10,22
MFK11,23
MFK13,19
MFK14,17
MFK15,19
MFK16,8
MFK17,26
MFK18,15
MFK19,32
MFK2,18
MFK20,14
MFK21,18
MFK22,16
MFK23,16
MFK24,10
MFK3,20
MFK4,19
MFK5,10
MFK6,14
MFK7,16
MFK8,16
MFK9,21
MSF2,13
MU159002,203
NP231SP,20
NV3550MASKIT,7
QR38XBQAC,15
RT10015T,
RT10037,-2
RT10335T,7
RT10735T,2
RT10835T,
RT20003,107
RT20004,1
RT20005,-4
RT20006,
RT20007,-1
RT20009,15
RT20011,68
RT20012,172
RT20013,1
RT20014,212
RT20015,-1
RT20018,-1
RT20020,18
RT20022,
RT20023,473
RT20024,-16
RT20025,30
RT20026,5
RT20027,4
RT20030,-2
RT20031,-2
RT20032,4
RT20034,3
RT20035,4
RT20038,
RT21001,141
RT21002,281
RT21004,56
RT21005,23
RT21006,19
RT21007,29
RT21008,-28
RT21010,217
RT21011,304
RT21012,381
RT21014,
RT21015,166
RT21017,-2
RT21018,4
RT21019,1090
RT21020,204
RT21021,109
RT21022,41
RT21023,-19
RT21024,166
RT21025,8
RT21027,179
RT21028,292
RT21029,21
RT21030,
RT21031,844
RT21032,68
RT21033,204
RT21034,11
RT21035,141
RT21036,348
RT21037,302
RT21038,302
RT21039,532
RT21040,15
RT21041,518
RT21042,1444
RT21044,70
RT21045,296
RT21046,9
RT21047,675
RT21048,14
RT21049,24
RT21054,192
RT23002,75
RT23003,-24
RT23004,181
RT23006,53
RT23007,33
RT23008,16
RT24001,7
RT24002,110
RT24003,6119
RT24004,9
RT24005,458
RT25001,
RT25002,17
RT25003,58
RT25004,62
RT25005,633
RT25006,2
RT25008,986
RT26008,27
RT26009,216
RT26010,816
RT26011,296
RT26012,15
RT26013,110
RT26014,506
RT26015,30
RT26016,
RT26017,229
RT26019,14
RT26020,-4
RT26023,27
RT26026,7
RT26027,12
RT26028,
RT26029,16
RT26031,194
RT26032,8
RT26034,12
RT26035,168
RT26036,352
RT26041,6
RT26042,3
RT26043,-49
RT26044,81
RT26045,14
RT26046,163
RT26047,41
RT26049,380
RT26050,28
RT26051,27
RT26052,4
RT26053,11
RT26054,741
RT26055,1
RT26056,787
RT26057,372
RT26058,1
RT26059,14
RT26062,1285
RT26063,156
RT26064,125
RT26066,
RT26067,573
RT26069,32
RT26073,1821
RT26074,896
RT26075,1756
RT26076,474
RT26082,469
RT26083,791
RT26084,303
RT26085,-1
RT27001,404
RT27002,467
RT27004,-64
RT27005,373
RT27006,43
RT27007,455
RT27008,
RT27009,-78
RT27010,-24
RT27011,-1
RT27012,10
RT27013,12
RT27014,440
RT27015,28
RT27016,587
RT27018,485
RT27019,364
RT27020,466
RT27021,300
RT27022,19
RT27023,1301
RT27024,968
RT27025,481
RT27026,183
RT27027,1007
RT27028,359
RT27029,14
RT27030,19
RT27031,
RT27032,-2
RT27033,729
RT27034,501
RT27035,588
RT27036,321
RT27037,456
RT27038,231
RT27039,266
RT27040,-38
RT27041,376
RT27042,276
RT27043,193
RT27044,120
RT27046,5
RT27048,895
RT27049,1146
RT27051,
RT27052,1
RT27058,583
RT27063,22
RT28001,66
RT28005,69
RT28006,700
RT28007,1112
RT28009,1
RT28010,169
RT28012,25
RT28013,190
RT28015,129
RT28016,8
RT28017,58
RT28018,244
RT28019,441
RT28020,767
RT28021,738
RT28022,1030
RT28023,421
RT28024,108
RT28027,-33
RT28028,42
RT28029,195
RT28030,2
RT28031,1
RT28033,3
RT28034,2
RT28036,1
RT28037,2
RT28039,3
RT28042,56
RT28043,342
RT28051,38
RT28060,1
RT28080,-43
RT28081,455
RT28082,951
RT28083,46
RT28084,13
RT28085,49
RT28087,923
RT28089,351
RT28091,2
RT28092,
RT28098,82
RT28104,55
RT29005,2
RT29007,
RT29008,
RT29009,2
RT29010,17
RT29011,10
RT29012,8
RT30001,93
RT30002,13
RT30003,92
RT30004,-13
RT30005,-15
RT30006,25
RT30007,21
RT30008,31
RT30009,30
RT30011,13
RT30012,9
RT30013,-7
RT30014,666
RT30015,11
RT30016,299
RT30017,-3
RT30020,438
RT30021,-3
RT30022,314
RT31001,48
RT31003,127
RT31004,32
RT31006,-1
RT31007,
RT31008,10
RT31009,11
RT31010,15
RT31011,16
RT31012,8
RT31013,
RT31015,52
RT31016,219
RT31019,476
RT31020,534
RT31021,354
RT31022,476
RT31023,5
RT31025,17
RT31027,8
RT31028,5
RT31030,56
RT31032,47
RT31033,16
RT31035,7
RT31036,9
RT31039,157
RT31040,-16
RT31041,60
RT31044,192
RT31045,1
RT31046,-3
RT31047,-12
RT32001,-11
RT32002,16
RT32003,26
RT32004,6
RT32005,-3
RT32010,
RT32011,19
RT32012,-10
RT32013,1
RT32014,20
RT32015,53
RT32016,31
RT32017,198
RT33001,2979
RT33002,575
RT33003,502
RT33004,13
RT33005,80
RT33006,47
RT33007,2101
RT33008,510
RT33009,68
RT33010,16
RT33011,7
RT33012,12
RT33013,-3
RT33014,46
RT33015,308
RT33016,254
RT33021,46
RT33022,-12
RT34001,-19
RT34002,154
RT34003,15
RT34004,14
RT34005,13
RT34006,4
RT34007,-37
RT34009,19
RT34011,129
RT34012,6
RT34013,-4
RT34014,39
RT34016,554
RT34018,2
RT34020,8
RT34021,9
RT34026,47
RT34028,13
RT34029,30
RT34030,
RT34032,279
RT34034,13
RT34035,23
RT34036,2
RT34037,2
RT34038,1
RT34040,-1
RT34041,5
RT34042,16
RT34043,14
RT34045,10
RT34047,15
RT34048,14
RT34049,94
RT34050,4
RT34051,7
RT34052,6
RT34054,8
RT34055,-1
RT34057,256
RT34059,3
RT34060,32
RT34061,14
RT34062,
RT34063,62
RT34065,311
RT34067,2
RT34068,9
RT34070,100
RT34071,2
RT34072,122
RT34073,300
RT34075,120
RT34077,26
RT34078,744
RT34079,24
RT34080,462
RT34081,327
RT34083,293
RT34084,40
RT34085,
RT34086,52
RT34087,313
RT34088,4831
RT34090,645
RT34091,53
RT34092,-49
RT34097,78
RT34098,293
RT34099,-17
RT34102,274
RT35001,110
RT35002,17
RT35003,57
RT35004,113
RT35005,146
RT35006,788
RT35007,808
RT35008,281
RT36001,-9
RT36002,-3
RT36003,417
RT52001,1121
RT52003,40
RT52004,-23
RT52005,-94
RT54002,50
RT54003,-9
SSPACER,266
SET45,
SET47,-1
SE04,844
SK1,21
SK1RHD,-12
SK2,5
SK3,42
SK4,44
SLR176K,274
SPRC7PYCB4,33
SPZFR6F11G,189
SP0ZFR5F11,158
SP143877AB,-20
SP148183AC,76
SP149125AD,538
SRKAX5,22
SR4GS,174
S0103336,74
S2RE14PLP5,561
TK49,13
TXYZ9499S,14
T0697157,5
T0739789,4
T1031135,494
T14BSG,26
T14A,-1
T15A,48
T170BSG,20
T170GS,124
T17050,17
T17055,44
T18,3
T86AA,
WK825MASKIT,13
WT150K,127
XYZ1993S,6
XY1991F,13
XY1991S,8
XY1992F,1
XY1992S,4
XY8789SP,5
XY8790F,
XY8990SA,5
YJWSK,-4
1BD22RXFAD,377
1CJ57DX9AD,1553
1FN66RXFAA,4
1FN67RXFAA,28
1FU931X9AC,2096
1UA33DX9AA,4795
11500662,1089
116714,8
118432,150
118866,16
119136,150
119137,799
119833,90
12V,212
15221,214877
1555A185,1360
15618,402
15866,1474
1795175,11
2073355,296
2142125000,384
2312425000,127
2421305K,19
2421306,4
2421309,31
2421309K,1
2466954,2294
2583377,7677
2605131,1
273573L,8757
2806270,10
2875923,827
2944580,106
2944581,4
2946079,-226
3141319K,429
3150046K,60
3155675K,126
3167067K,297
3175779,310
3184086K,844
3184908E,4
3185270K,16
3186107K,-16
3190848K,-25
32001846,3
32003300AB,69
3205533K,153
3223539KL,26
3223888KL,19
3224231K,473
3234433K,2
3236453,1695
3236513K,887
3237427K,11
3238073,483
3240278K,9
3241067K,26
3241073K,98
3241430K,-18
3242393K,-3
3243152K,
3251156K,11
33000076,478
33000153,23
33000682,-9
33001016,287
33001069,827
33001237,22100
33001907,22
33002383,-1
33002429,13
33002672,7
33002675,
33002696,19
33002920,306
33002920K,54
33002921,17
33002970K,385
33002971,639
33002977,66
33002977K,25
33002978,15
33002979,14
33002986,299
33003389,489
33003391,526
33003421,1602
33003446,12690
33003515,-3
33003520,589
33003521,18130
33003536,
33003857,325
33003934,162
33004024,34
33004041,3148
33004065,548
33004107,53
33004143,10553
33004195,528
33004281,544
33004522,417
33004650,1342
33004732,28860
33004795,57
33004841,740
33004856,1323
33007127,31
33007143,600
34201293,374
34201416,2324
34201493,302
34201535,3708
34201545,1109
34201621,947
34201631,1600
34201872,1
34202014,9694
34202118,5141
3461662,983
3497988,6983
35002115,-4
35025104,3271
3507575,4247
36001132,67
3641913,369
3641914,131
36617,242
3681601,396
3747361,74
3764863,315
3766674,184
3830603K,2
3893982,4282
392909,224
4004445,490
4004816K,28
4004956SS,37368
400501,-7
400502,63
400518,79
4005694K,73
4006698K,1093
4006928K,343
4006956BLKK,24
4007393,661
4007504,4707
4026487K,1
4049681,16
4060790,
4060875,12
4060882,5
4060910,
4060952,6
4060967,7
4105409,194
4137727,179
4137728,447
4137729,2582
4137731,70934
4137732,2751
4137733,1498
4137734,1710
4137749,11
4167929,325
4167963,328
4167964,4898
4210973,45437
4221463,5213
4269189,795
4295875AC,432
4313056,273
4313079,4239
4318060AB,2522
4318137,143
4318138,3
4329524,3750
4329526,614
4338855,1813
4338891,137
4338913,97
4338920,55
4338929,196
4338935,42
4338936,42
4338942,1251
4338943,4993
4338956,1465
4338972,54
4338973,2417
4338996,1297
4343662,29
4383471,577
4397776K,9
4415820,39
4418257AB,8716
4418903,2368
4423573,1
4423601,404
4423606,53
4446361,5240
4446494,1249
4446544,228
4448896AB,940
44590,
44649,1
4470365,187
4483485,63
4486635K,114
4487696K,498
4504215,27
4504348,52
4504575,9
4506116,1202
4531225,521
453593,2574
4546100,20310
4560176AA,379
4560182AF,460
4560183AA,841
4565326,617
4567022,10
4567025AB,2
4573560AB,1323
4578827AK,6
4578884AC,4
4578885AC,4
4581954AB,10
4589050AB,1052
4589164AF,76
4589688AE,809
4589890AC,763
4591611AA,56
4591847AC,224
4591851AA,8
4593684AA,369
4593896AB,
4593899AA,1914
4593914AB,633
4593949AB,352
4596198,666
4606093AE,536
4606824AC,211
4612277,80
4621541,7
4621564,5269
4621579,137
4621844,240
4621938AB,12
4621939AB,1930
4621996,12
4626054,315
4626211,11
4626213,6
4626213K,13
4626720,781
4627038AA,42
4627039AA,401
4627166AC,983
4627167AA,923
4627312AA,40
4627326AD,1990
4627327AB,1986
4627509AA,1111
4627742AA,946
4636059,8
4636368,10
4636370,304
4636371,-6
4636775,11
4636776,67
4636777,
4636778,309
4636779,-6
4636864,-2
4636963,52
4636975,24
4637071,208
4637073,19
4637532,209
4637533,507
4637534,5
4637535,13
4637539,792
4637862,405
4637915,10
4637937,31
4638128,63
4638190,282
4638271,4235
4638844,70
4638892,303
4638896,1866
4638899,17
4638902,2031
4638904,-10
4638913,433
4643448,8476
4644269,16
4648619,576
4648987AA,1036
4656932AA,1477
4658444,5472
4658445,6035
4658677,6471
4659677AC,26
4663722,43
4666024AD,40
4666026AB,162
4666033AB,1177
4666034AB,1154
4666044AA,-18
4666059AA,380
4666068AC,881
4666099AB,611
4666113AA,3250
4666149AA,-18
4666153AC,32
4666153K,15
4667198,3247
4669865,2842
4671929AC,9
4676589,259
4682828,996
4683656,612
46849,4033
4685719AG,57
4693321AD,338
4694765,2112
4694766,78
4707286AI,887
4713021,104
4713061,
4713066,
4713076,145
4713108AB,9
4713190,279
4713192,98
4713192P,5
4713193,41
4713221,166
4713356,218
4713357,138
4713365,8
4713365RK,189
4713439,51
4713451,9
4713455,-1
4713511,779
4713582K,63
4713584,145
4713943,193
4720008,19
4720046,333
4720221,6
4720223,22
4720278,69
4720363,840
4720380,16
4720381,19
4720498,20
4720499,32
4720727,13
4720740AC,66
4720847,
4720862,13
4720865,231
4720891,45
4720931,1353
4720933,11
4723035,
4723289K,648
4723367MK,-6
4723389,4734
4723518,3
4723518C,5
4723640,46960
4723905,126
4726067AA,511
4727451AA,32
4728156,
4728247,110
4728249,165
4728735,351
4734103,35
4734104,47
4736676AA,449
4740236,-7
4740670,286
4740773,2
4740834,-2
4741033,1
4741100,819
4741101,840
4741102,1075
4741103,605
4741118,49
4741237,237
4741243,1
4741277,14
4741285,155
4741296,1488
4741652,93
4741705,1529
4741866AB,3
4741878,1658
4741908,273
4743999AA,4
4746001AC,21
4746127,248
4746155,513
4746253,10660
4746257,5
4746305,-103
4746316,143
4746657,550
4746660,12
4746867,33
4761015,50
4761068,427
4761192,13
4761569,6
4761676,1
4761786,9
4762101,16
4762102,186
4762103,172
4762106,198
4762110,211
4762111,19
4762114,16
4762121,4158
4762140,9
4762187,2446
4762195,40
4762462,9
4762464,18
4762490,462
4762899,1043
4766719AA,143
4773204,158
4773308,63
4773426,9
4773563AB,4
4773764,3
4773765,5
4773767,23
4777050AC,77
4777086,5603
4777477,5471
4777478,807
4777536,1661
4777976AA,113
4778022,9
4778058MK,16
4778122,7
4778123,814
4778125,16
4778126,794
4778228,834
4778347,61
4778348,35
4778417,1
4778463,330
4778595,345
4778971,396
4778975,1513
4779599AA,4
4779869AC,165
4779884AC,206
4779885AC,266
4779886AC,171
4781024AA,86
4781025AA,10
4781029AB,10
4781034AB,774
4781072AB,1224
4781255AA,1323
4781452AA,117
4781569AB,438
4781570AB,262
4781580AA,39
4781588AC,3099
4792317AB,83
4792815AB,280
4792835AA,269
4792922AA,1653
4793576AB,13
4796016,84
4796033,308
4796233,600
4796233AB,552
4796337HK,665
4796903,-1
4796906,40
4796908,308
4796956,237
4796965,77
4796967,29
4797002,7
4797003,13
4797293,559
4797401,17
4797689,93
4797769,1117
4797777,118
4797801,16
4798033,1642
4798034,1003
4798112,1469
4798117,784
4798120,43
4798123,5131
4798125,2097
4798126,8
4798127,5
4798138,362
4798145,289
4798157,24
4798158AC,90
4798216AB,36
4798282,24
4798283,24
4798301,111
4798324,4
4798329AB,29
4798378K,3
4798379AB,33
4798379K,3
4798825AC,1880
4798878,12
4798878020,5
4798992AD,37
4799507AA,710
4799662,950
4799758AD,722
4799964AB,9798
4801268AB,498
4801269AB,
4801304AC,
4801852AB,226
4805859AA,12
4806110AA,549
4806224AE,2657
4806226AA,66
4809783AA,990
4854033,15
4854038,220
4854089AB,67
4854092,408
4854137,408
4854150AB,812
4854181,100
4856142,1519
4856332P,17
4856333P,3
4856336,703
4856344,3504
4856345,169
4856362,6
4856366,347
4856369,5
4856540,2
4861277AB,69
4861552AC,11
4861660AA,453
4861661AB,229
4861667AA,799
4861756AA,249
4862634AA,4784
4864210,90
4864213,113
4864214,127
4864220X,381
4864226X,640
4864473,91
4864566,349
4864575,3097
4864599,1
4864651,1009
4864783,136
4864835,30
4864835K,8
4864845,1507
4864957,126
4864957K,5
4864999AB,
4874045,28
4874175K,8
4874302,25
4874303,8
4874306,21
4874307,56
4874371AC,30
4874373AB,473
4874378,2854
4874405,12
4874919,33
4878883AA,382
4882173,8
4882219,2
4882350,5
4882714,124
4882793,67
4883018,16
4883019,15
4883020,21
4883022,10
4883023,6
4883085,1753
4883344TI,27
4883385,285
4883385K,56
4883445AA,157
4883964AA,412
4884042AA,9
4884443AD,749
4884472AA,27
4884549AD,256
4884550AB,4542
4884551AA,4743
4884571AB,1809
4884572AA,4060
4884648AA,9053
4884665AE,282
4884696AA,1981
4884703AA,4909
4884762AA,968
4884765AA,984
488601,528
4886076AB,4
4886077AB,569
4886150AA,33
4886349AA,418
4886373AA,138
4886509AA,6
4886533AB,60
4891414AD,355
4891577AC,241
4891587AA,5
4891595AD,90
4891596AB,210
4891598AB,117
4891694AA,106
4891695AA,121
4891720AA,204
4891797AA,20
4891970AB,340
4892409AA,445
4892791AA,
4893429AA,4
4897000AA,103
4897023AA,6
4897026AA,148
4897159AB,347
4897220AA,78
4897287AA,1037
4897297AA,15933
4897298AA,727
4897321AA,-3
4897383AB,102
4897386AD,63
4897398AA,696
4897399AA,665
4897400AC,1405
4897401AC,1097
4897484AA,416
4897484K,39
4897567AA,12
4918K,61
5AB84JH9,4129
5AB84JS1,1692
5AD88LTB,35
5AHFRKIT,148
5AHRRKIT,194
5BL26KS7,111
5CU46RV1,813
5CU47RV1,169
5DF54MX8,285
5DN63SS5,8
5DY00DX8AB,722
5DY01DX8AB,582
5DY08DX8,297
5DY08TZZ,214
5DY09DX8,152
5DY09TZZ,107
5ED16T3X,16
5ED16T3XK,-11
5ED18T3XK,10
5EE84TZZAG,258
5EE85TZZAC,149
5ES43DX9,1693
5EU79HS5,8
5EU79VF7,12
5FB63JS1,3064
5FB63RTB,1092
5FB63RXA,3416
5FN29HS5,5
5FN29VF7AB,1
5FR56DX9,314
5FWK,47
5FWKMT,42
5GG27DX8AA,17
5GG27XBQAB,61
5KCK,7
5KFK,13
5SG24AXRAB,8
5SG25AXRAB,8
5003453AA,6
5003459AA,14
5003558AA,513
5003840AA,4
5003845K,
5003855AA,10
5003861AA,-10
5003867AA,16
5003869AA,475
5003950AD,1
5003951AD,22
500813,
5010030AA,447
5010811AA,1187
5011214AA,70
5011218AC,8444
5011261AB,237
5011969MK,16
5011970AB,32
5011970MK,9
5011971AA,59
5011972AA,94
5011973AA,101
5011978AA,50
5011981AA,361
5011983AA,1840
5011983K,224
5011984AA,407
5011985AA,443
5011988AA,34
5011988HK,1444
5012319AA,-2
5012322AB,22
5012329AA,113
5012356AB,24
5012362AC,
5012362P,12
5012363K,7
5012364AAK,4
5012364AAK6,2
5012365AD,121
5012432AA,1640
5012444AA,435
5012447AB,2
5012450AA,698
5012453AA,1659
5012456AB,11
5012457AB,9
5012582K,7
5012584K,9
5012603AA,2824
5012605AB,723
5012606AB,818
5012668AA,11
5012697AB,42
5012699AA,548
5012699K,248
5012710AA,316
5012725AA,9
5012748AB,7
5012749AB,18
5012793AA,149
5012804AA,13
5012809AA,17
5012810AC,106
5012813AA,285
5012820AA,12
5012821AA,23
5012824AA,945
5012825AA,13
5012827AA,138
5012840AA,171
5012841AA,2
5012842AA,4
5012847AA,536
5012850AA,
5012851AA,
5012872AA,19
5012952AD,25
5012953AC,11
5012961AC,25
5012971AA,4
5013019AA,1180
5013334AA,10187
5013366AA,24
5013368AA,17
5013416AA,26
5013586K,8
5013586K010,3
5013595AB,39
5013625AA,216
5013626AA,214
5013682AA,3
5013722AB,210
5013723AB,359
5013833AA,258
5013867AC,19
5013867MK,15
5013879AA,1
5013880AA,4
5014038AA,2893
5014148AA,297
5014212AA,719
5014221AC,2
5014496AD,144
5014665AA,9
5014667AA,42
5014732AC,671
5014733AA,34
5014852AB,632
5015171AA,1177
5015223AA,23
5015267AD,25
5015606AA,5
5015606AAK,13
5015610AA,185
5015636AA,1622
5015847AA,3989
5015962AB,217
5016375AA,415
5016434AA,111
5016434K,2
5016496AA,3904
5016615AA,1360
5017010AB,304
5017011AB,-19
5017124AC,66
5017214AA,43
5017432AC,97
5017462AF,146
5017463AF,192
5017479AA,443
5017755AA,150
5018056AC,29
5018393AA,23
5018479AB,449
5018594AA,3257
5018700AA,45
5018777AA,467
5019020AA,61
5019026AA,4311
5019149AA,101
5019316P,6
5019411AD,52
5019423AD,29
5019443AA,105
5019447K,14
5019447K010,2
5019536AA,58
5019536MK,13
5019708AD,241
5019723AA,73
5019985K,377
5029811AC,819
5033307AC,1013
5033308AB,808
5033310AB,1044
5033310AC,733
5033313AA,568
5033314AA,422
5033316AA,
5037479AA,320
5037542AA,16
5039149AB,4264
5047077AA,970
5047167AA,987
5047389AA,475
5047390AA,984
5047439AB,3908
5047440AC,968
5047594AA,2095
5047861AA,337
5054227AA,10588
5054330AG,4
5054353AB,3
5058156AI,308
5058171AE,672
5058413AE,8
5058482AH,527
5058489AF,4
5058492AE,7
5058693AA,255
5062150AE,2
5066022AA,7
5066023AA,18
5066024AA,15
5066025AB,60
5066047AA,1212
5066052AA,5
5066053AA,465
5066054AA,12
5066056AA,4539
5066056AB,5169
5066064AA,6906
5066066AA,2359
5066085AA,
5066147AA,7
5066158AA,677
5066241AB,268
5066422AA,153
5066423AA,130
5066425AA,3764
5066427MK,19
5066446AA,855
5066484AA,20
5066485AA,11
5066486AA,114
5066529AA,2
5066538AA,3
5066539AA,468
5066555AB,4
5066606AB,6
5066646AA,7
5066650AA,492
5066733K,11
5066733K010,2
5066756AA,587
5066763AA,4776
5066779AA,906
5066806AA,497
5066840AA,39
5066867AA,7
5066921AA,229
5066938AA,153
5069008AA,1
5072212AA,4
5072265AA,3840
5072294AA,6
5072307AA,4487
5072440AB,364
5072444AA,86
5072445AA,17
5072473AA,340
5072474AC,33
5072492AB,1001
5072526AB,189
5072705AB,637
5072722AA,3925
5072759AA,123
5072894AA,1992
5072934AE,893
5072990AB,5
5072990AD,9
5073180AA,5
5073524AA,1
5073626AA,4433
5073945AA,17
5073946AA,498
5074652AH,965
5074653AH,950
5074714AG,893
5074715AG,916
5080251AA,829
5080352AA,84
5080477AA,58
5080551AC,73
5080868AA,38
5080871AA,30
5083001AA,2098
5083669AA,4053
5083676AA,99
5083677AA,107
5083678AA,380
5083882TI,39
5083993K,9
5085220AC,11
5085403AD,529
5085405AC,2691
5085458AA,1213
5085461AB,359
5085495AC,658
5085505AD,1489
5085529AA,1826
5085960AC,676
5086002K,3
5086169AA,4
5086301AA,416
5086632AA,24
5086633AA,4
5086639AA,
5086640AA,202
5086641AA,196
5086930AB,347
5086930HK,617
5091100AB,2440
5093047AA,19
5093180AA,25
5093181AA,35
5093183MK,17
5093185AA,229
5093186AA,15
5093187AA,368
5093188AA,914
5093189AB,235
5093277AA,38
5093278AB,117
5093343AA,165
5093355AA,263
5093377AB,2
5093390AA,882
5093390HK,641
5093394AB,93
5093395AA,4476
5093448K,5
5093511TI,12
5093542AA,
5093785AA,1402
5093788AA,30
5093820AB,13
5093904AA,1403
5093911AB,433
5096256AA,3
5096297AA,59
5096298AA,14
5099840AA,3519
5101786AA,5
5102091AA,653
5102406AA,198
5102531AA,279
5102882AA,937
5103014AA,209
5103015AA,198
5103016AB,2
5103112AA,112
5103149AA,142
5103158AA,163
5103452AA,9
5103453AA,3
5105040AC,555
5105041AC,1764
5105048AC,388
5105087AN,3
5105103AC,1038
5105174AG,-12
5105175AG,17
5105178AG,128
5105179AG,310
5105270AB,310
5105271AC,468
5105272AE,565
5105290AC,920
5105309AB,1184
5105489AF,315
5105494AC,17
5105495AG,656
5105514AA,28
5105514K,6
5105515AA,9
5105515K,3
5105566AA,2631
5105586AA,242
5105603AD,774
5105604AD,793
5105615AB,85
5105617AB,5
5105617K,1
5105667AG,305
5105688AB,178
5105718AC,4746
5105770AD,93
5105772AG,2
5105822AA,1333
5105878AA,3847
5105927AB,787
5105930AA,786
5106043AB,401
5109514AB,3
5112244AD,404
5114037AC,2520
5114179AB,1224
5114461AA,2
5115040AG,31
5115041AF,34
5115042AG,9
5115043AG,10
5115046AD,31
5115047AH,15
5115226AB,3
5115662AC,5
5116244AF,20
5116245AF,19
5127180AA,1
5134120AA,286
5134701AB,243
5135357AG,43
5135573AE,57
5135651AD,358
5135660AB,31
5135673AA,21
5135674AB,77
5135692AA,1
5135746AA,5
5135792AA,174
5135793AA,63
5135794AA,46
5135796AA,53
5135797AA,62
5135798AB,63
5137582AA,6
5139099AA,1982
5139719AA,71
5139720AA,24
5139836AB,301
5139933AB,1622
5140332AA,147
5140758AA,79
5140759AA,15
5142573AA,395
5142579K,22
5142601AA,-13
5142798AA,549
5142985AA,73
5143096AA,5
5143101AA,11
5143127AA,106
5143279AA,6
5143356AC,1409
5143553AA,7
5143579AJ,89
5143580AB,7
5143581AC,4
5143614AA,2521
5143691AA,217
5143692AB,3
5143693AB,27
5143696AA,2033
5143696KF,53
5143696KR,77
5143697AA,49
5143700AA,9
5143702AB,138
5143703AB,171
5143705AA,46
5143714AA,2891
5143715AA,8792
5143733AA,4279
5143812AA,5
5143977K,8
5145585AC,85
5147190AC,410
5147191AC,416
5149002AA,77
5149008AA,731
5149009AB,59
5149034AA,483
5149049AB,79
5149054AC,9
5149062AA,232
5149064AA,397
5149077AB,780
5149078AD,358
5149097AA,1009
5149141AF,40
5149167AD,431
5149168AI,185
5149174AB,75
5149211AE,678
5149230AA,113
5152076AC,7
5154230AD,851
5154322AB,5
5154400AC,8
5155456AG,25
5155457AG,28
5155458AG,5
5155459AF,12
5155460AF,6
5155462AG,122
5155463AG,159
5156106AD,108
5156112AA,13
5156113AA,10
5156116AA,4
5156117AA,10
5156134AA,877
5156135AA,913
5159058AC,6
5159077AB,988
5159125AA,49
5159127AA,8
5159130AA,9
5160047AB,10510
5160255AB,5164
5160260AA,722
5161294K,24
5161320AC,16
5161549AA,1
5161964AA,5
5164915AG,1743
5165708AA,764
5165712AA,4520
5166001AA,6
5166082AB,8
5166780AA,929
5168088AA,10019
5168158AA,270
5168159AA,278
5168166AB,103
5168167AB,78
5170703AA,13
5171137AB,967
5174056AA,862
5174185AC,184
5174245AD,678
5174318AA,57
5174319AA,53
5174320AA,55
5174321AA,10
5174330AC,16
5174332AA,142
5174333AA,20
5174876AA,7
5174877AA,39
5175093AA,256
5175429AB,381
5175510AA,175
5175571AA,462
5175580AA,197
5175583AB,224
5175732AA,183
5179153AC,798
5179267AC,229
5179511AA,35
5179593AA,3356
5179730AA,416
5179731AA,516
5179985AA,212
5180731AC,812
5182025AA,2
5182174AA,3
5182175AA,6
5182183AA,23
5182542AC,2
5182543AC,3
5182554AD,13
5182555AD,10
5182556AD,7
5182557AD,5
5182596AC,1887
5182597AC,1921
5183202AA,5
5183429AA,4
5183448AA,523
5183508AA,4
5183516AA,996
5183520AA,3
5183522AA,2
5183523AA,2
5183525AA,699
5183563AA,56
5183710AA,2708
5183761AB,761
5184085AC,1139
5184168AB,3125
5184231AA,145
5184293AH,324
5184294RK,187
5184331AC,4202
5184332AA,461
5184349AC,276
5184407AF,71
5184455AG,156
5184456AG,273
5184546AC,47
5184546K,13
5184562AC,4121
5184595AE,92
5184596AE,144
5184646AC,23
5184651AF,867
5184653AF,1339
5184855AB,1624
5184894AA,1577
5184908AB,4815
51875,7627
5189180AA,242
5189181AA,255
5189278AA,41
5189279AA,97
5189335AA,5
5189350AA,14
5189376AA,4
5189452AA,
5189838AA,26
5189841AA,12
5189933AA,18
5189976AA,1195
5191037AD,4231
5191196AA,80
5191197AA,204
5191212AA,1507
5191215AA,6
5191215HK,17
5191217AA,20
5191238AA,176
5191239AA,73
5191242AA,71
5191247AA,83
5191267AA,433
5191268AA,446
5191271AB,6
5191272AA,108
5191305AA,312
5191307K,22
5191345AA,1
5191347AC,188
5191890AA,334
5191890K,348
5191930AA,98
52000070,121
52000074,96
52000074K,38
52000089,2
52000128K,2
52000141,678
52000162,40
52000177,2
52000177K,-2
52000178,208
52000179,305
52000185K,-2
52000192,361
52000229,985
52000232,1988
52000290,733
52000402,4267
52000462,-14
52000463,166
52000468,132
52000469,102
52000488,2090
52000489,1105
52000503,-81
52000504,-160
52000507,485
52000596,320
52000596K,30
52000598,306
52000599,276
52000601,49
52000601K,26
52000608,256
52000615,312
52000616,246
52000619,3600
52000623,162
52000706AB,4
52000848,25
52000849,179
52000865,12
52000957,510
52001094,238
52001122,202
52001125,117
52001144,1931
52001145,2230
52001151,106
52001151K,23
52001153,7
52001161,679
52001162,183
52001174,1469
52001175,1448
52001180,1247
52001215,164
52001216,191
52001720K,-1
52001736,470
52001759,5771
52001790,
52001915,62
52001915K,11
52001961,1820
52002008,23
52002092,855
52002334,189
52002393,228
52002540,130
52002541,-4
52002541K,65
52002544,354
52002547,446
52002552,-293
52002553,5150
52002625,166
52002633PLK,43
52002658,561
52002659,3896
52002660,500
52002661,2858
52002700,206
52002700K,64
52002719,6
52002723,3384
52002723K,-48
52002723MK,-14
52002749,17483
52002750,671
52002848,142
52002849,129
52002952,9
52002952K,-9
52002989,4
52003079,2
52003130,654
52003132,1150
52003143,823
52003181,216
52003183,120
52003188,1
52003190,521
52003192,354
52003205,59
52003213,567
52003226,16
52003232,-208
52003256,725
52003360,1288
52003360K,28
52003361,8417
52003448,238
52003449,33
52003479,316
52003607,3
52003768,-46
52003782,845
52003790,14
52003791,15
52003876,180
52003877,432
52003878,184
52003882,226
52003918,735
52003933,22
52003940,194
52003945,-74
52003946,-5
52003960,11
52003960K,21
52004010,276
52004295,-165
52004297,631
52004366,2710
52004706,32
52004707,202
52004709,209
52004749,1063
52005000,36
52005099,7
52005131,289
52005183,2
52005184,2487
52005285,829
52005350,411
52005350KE,11
52005350KL,15
52005387,175
52005411,14
52005431,535
52005476,224
52005477,212
52005638,1899
52005738,153
52005738K,25
52005739,1473
52005739K,65
52005740,239
52005741,322
52005742,858
52005748,57
52005752,657
52005794,353
52006289,
52006380,
52006421,-33
52006421K,14
52006440,1100
52006472,178
52006582,78
52006592,920
52006592K,62
52006602,128
52006608,29
52006608K,63
52006626,286
52006626K,3
52006707,4702
52006861,4
52007017,718
52007048,26
52007289,873
52007397,112
52007502,11
52007522,120
52007523,153
52007532,2363
52007586,1647
52007587,1585
52007588,374
52007842,745
52008232,16
52008362,328
52008391,643
52008440K,14
52008675,94
52008904,299
52008905,276
52009527,171
52009562,3329
52009968AC,12
52010,33
52010080AE,7
52010309AB,9449
52014621AE,12
52014775AB,88
52017534,-2
52017534K,-22
52017817,2230
52017863,1472
52018096,115
52018104,12
52018162,8
52018163,16
52018176,81
52018176K,-1
52018177,543
52018177K,3
52018335,2
52018391P,27
52018808,430
52018814,656
52018823,14492
52018856,608
52018857,390
52018933K,4
52018934K,-4
52019135,1
52019201K,44
52019241AF,1
52019242AC,8
52019278,1648
52019278K,33
52019480AD,6
52019600,4
52020018,732
52022039,8
52027501AC,90
52027779,42
52027823,2
52027883AC,-13
52027984,21
52028031,21
52028065AF,136
52028069,19
52028133,8
52028141,90
52028226,181
52028262,40
52028263,7
52028264,-1
52028265AD,91
52028266,63
52028297,21
52028337AC,-30
52028378,32
52028419,93
52028566AD,452
52028605AD,433
52028898AE,302
52029272,281
52029635,19
52037544,1302
52037547,57
52037567,43
52037644,36
52037710AC,1505
52037849K,259
52037994,92
52037994K,17
52037996,112
52037996K,82
52038014,25
52038015,4
52038016,59
52038016R,
52038026,4156
52038337,483
52038338,516
52038423AB,35
52038783AC,1637
52040007,194
52040027,-19
52040047,772
52040079,827
52040081,998
52040110,307
52040112,595
52040219,22309
52040235,68
52040236,-4
52040267,335
52040278,16
52040278K,8
52040289,325
52040290,247
52040305,-155
52040320,974
52040348,165
52040398,457
52040403,84
52040404,39
52040407,235
52040407K,14
52040415,1200
52040426,192
52040430,1263
52058133AC,3
52058133K,18
52058488,345
52058551,81
52058928,104
52058928K,24
52058929,134
52058936K,32
52058994,106
52058995,832
52058996,251
52058997,479
52059050,175
52059051,189
52059226AB,368
52059227AB,648
52059252AB,342
52059252K,12
52059299AB,203
52059347AB,356
52059730AB,1
52059884AE,353
52059885AF,342
52059891AF,37
52059899AE,103
52059900AF,13
52059901AD,3
52059929AA,1777
52059930AH,9
52059937AI,343
52059938AI,8
52059939AG,7
52059940AD,335
52059943AE,-10
52059973AC,120
52059975AC,-17
52059976AC,294
52059982AD,348
52059983AD,408
52060011AB,483
52060013AA,3916
52060015AD,-3
52060021AD,235
52060024AE,151
52060045AE,580
52060048AD,426
52060049AE,582
52060049K,15
52060052AF,1116
52060052K,-39
52060053AE,584
52060054AB,1432
52060056AC,210
52060057AC,1427
52060058AE,143
52060132AC,277
52060133AD,84
52060137AB,123
52060137K,18
52060147AA,276
52060147K,14
52060165AE,1005
52060196AD,958
52060204AF,-48
52060290AE,67
52060290MK,47
52060378AC,271
52060378K,68
52060398AD,6
52060423AB,-23
52060428AB,5
52060462AG,23
52060477AE,320
52067576,-231
52067577,-157
52067632,3466
52067634,359
52067635,1036
52067636,3
52067639,5607
52068839,372
52069706AB,6745
52069888AB,413
52070339AB,2424
52070350AB,28
52070427AB,853
52077578,314
52078134,303
52078168,419
52078540,724
52078556,1
52078558,-43
52078700,1884
52078705,44
52078800,1168
52078970AC,3696
52079050,585
52079331,1551
52079382,86
52079406AC,124
52079407,394
52079409,264
52079461AB,1519
52079504,231
52079528AB,162
52079565,16
52079597AB,12
52079693AD,3
52079706AB,9
52079713AC,316
52079778AA,14
52079788AE,309
52079799AA,598
52079873AA,477
52079883AB,6
52080090,14
52080118AA,46
52080123AC,
52080127AA,
52080183,23
52080439AA,5
52080441AA,15
52087542,1827
52087636AC,-229
52087674,1193
52087674K,115
52087709,2185
52087711,-15
52087716,160
52087767,3190
52087768,1289
52087827,3958
52087832,-203
52087835AB,118
52087852,300
52087862,727
52087865AB,585
52087871,10
52087878,126
52087883,14
52087887,-3
52087887K,-14
52087895,60
52088018,6
52088104,374
52088129,157
52088131,73
52088175,216
52088214,31
52088217AB,554
52088242,372
52088283,834
52088296,256
52088305AB,329
52088319AB,1476
52088346AB,-67
52088355AB,444
52088401,-15
52088422AB,479
52088425,3543
52088430,106
52088431,42
52088432,50
52088433,473
52088437,976
52088452AD,23
52088461,429
52088463AB,384
52088463K,64
52088489AB,10
52088500,40
52088511,382
52088512,314
52088524,990
52088538,15
52088539,13
52088548AB,18
52088620AF,370
52088634AB,-28
52088636AF,87
52088637AF,231
52088647AB,203
52088648AA,463
52088649AC,263
52088650AF,301
52088651AG,-9
52088662AB,728
52088686AA,2208
52088705AB,642
52088707AA,-15
52088710AE,250
52088746AA,1176
52088808AB,629
52088869AA,702
52088870AA,602
52088870K,-11
52088871AB,-1
52088901AD,508
52089168AD,89
52089169AE,353
52089258AC,328
52089259AD,1162
52089269K,11
52089275AB,18
52089275K,3
52089300AB,103
52089328AC,305
52089330AB,315
52089331AC,301
52089341AE,557
52089343AB,680
52089347AA,364
52089434AB,22
52089465AD,888
52089467AB,327
52089485AC,234
52089501AA,67
52089516AB,1125
52089605AD,223
52089629AC,217
52089630AC,34
52089883AD,38
52089997AE,1185
52090155AH,1581
52090296AF,1298
52090297AG,1267
52090300AF,652
52090301AF,643
52098377,2
52098378,
52098379,
52098672KL,14
52098679AD,115
52098707,2
520992FRK,42
520994FRK,244
520994RRK,359
52099499AG,-3
52100128,1664
52100216,1512
52100219AB,577
52100235AD,289
52100283AD,69
52100283AG,104
52100334AG,1302
52100376AG,334
52100402AF,278
52101035,-79
52101196,16
52102464AA,1366
52104026,120
52104030AB,550
52104045,31
52104110,-6
52104111,200
52104112,28
52104113,-1
52104174,2642
52104284AB,93
52104289AE,9
52104315AC,11
52104352AA,-5
52104363AA,155
52104581AE,5
52104583AD,5
52104590AA,96
52104591AB,23
52104701AB,15
52104732AB,
52104733AB,17
52105728AE,89
52105758AE,39
52105884AA,64
52107570,20
52107571,517
52107624S,18
52107640S,20
52107652AH,
52107652MC,2
52107653AB,395
52107653AC,7
52107654AC,18
52107657AB,1
52107662,55
52108147AA,15
52108308AC,9
52108325AA,125
52108327AC,
52108327K,-7
52109653AE,662
52109775AC,1628
52109795AC,488
52109938AB,20
52109947AE,72
52109986AH,61
52109987AH,141
52111167AA,1776
52111197AA,23
52111198AB,1508
52111336AA,1412
52111338AC,4730
52111594AA,171
52111597AA,24
52111779AB,10
52111953AC,7185
52114076AA,116
52114077AA,329
52114079AA,554
52114548AC,-12
52114574AA,-1
52118500AB,8
52118789,154
52119686AA,1
52123522AA,3
52123523AA,7
52123524AA,6
52123612RRK,256
52123871AB,3
52123873AC,5
52124170AA,447
52124302AA,206
52124596AA,1133
52124712AC,138
52124713AC,117
52124754AC,1290
52124762AB,37
52124763AB,25
52124767AC,112
52124768AB,268
52124820AC,45
52124821AC,15
52124830AC,121
52124840AB,139
52124861AB,1604
52125003AB,191
52125112AE,200
52125113AE,166
52125159AE,365
52125175AA,8
52125206AF,401
52125207AF,393
52125295AC,955
52125321AB,791
52125322AC,194
52125323AC,962
52125324AC,983
52125369AA,1408
52125396AB,1694
52125483AA,192
52125484AA,45
52126058AD,154
52126113AE,192
52126114AC,408
52126122AC,434
52126123AC,459
52126186AA,-10
52126244AA,357
52126317AC,340
52126348AD,124
52126349AE,70
52127833,1719
52128072AD,30
52128073,107
52128092AB,211
52128093AB,322
52128094,58
52128095,28
52128096AB,399
52128164AB,173
52128243AD,141
52128247AA,116
52128247K,14
52128256AA,16
52128270AA,30
52128311AA,292
52128312AA,334
52128411K,3
52128430AC,409
52128431AC,267
52128524AA,121
52128532AA,381
52128533AA,437
52128654AA,155
52128694AF,739
52128695AF,732
52128698AA,2515
52128864AA,503
52128866AA,1339
52128940AF,50
52129094AA,961
52129182AF,8
52129182S,4
52129183AG,5
52129184AG,9
52129238AA,1078
52129250AA,6
52129268AE,272
52129269AE,227
52129436AA,9273
52129480AC,581
52129481AC,522
5213693,211
5241062AB,
5252034,7
5252042,1
5252043,780
5252053,172
5252056,20
5252057,5
5252058,2
5252060,25
5252064,12
5252065,5
5252071,1
5252079,31
5252081,145
5252082,-5
5252083,2
5252084,2
5252145,295
5252223,144
5252235,107
5252497,464
5252502,32
5252502K,241
5252504,32242
5252505,11977
5252507,101
5252508,13
5252531,97
5252591,636
5252594,200
5252599,87
5252614,257
5252626,19
5252630,10
5252631,19
5252686,35
5252687,9230
5252984,44
5252985,48
5253000,2779
5257148,-8
5269670,9
5269870AB,255
5269873AB,775
5269897,230
5272705AB,1660
5272714AD,90
5272715AD,47
5272908AB,16
5272909AB,4
5273310AB,46
5273431AB,120
5273438AE,7
5281090,774
5281239AA,110
5281351AC,8
5281374AA,3
52852912K,45
52852913AB,5
52852913K,285
528533FRK,319
528534RRK,242
52853431AA,56
52853432AA,99
52853641AD,10
52881,10
5290634AA,331
5290635AA,316
5290639AB,105
5290641AC,5
5290733AB,4
5290768AC,711
5290769AC,134
53000013,1
53000035,
53000038,970
53000056AB,763
53000101,3169
53000228,108
53000237,814
53000238,59
53000238K,27
53000239,1648
53000403,3
53000404,4
53000471,9
53000475K,52
53000477,1642
53000521,96
53000575,780
53000605,168
53000616,4334
53000692,1114
53000825,7
53000899,3446
53000944,29
53000957,16603
53001100,880
53001184,16
53001248,523
53001324,336
53001492,13275
53001627,14
53001987,
53002001,1
53002124,6
53002125,24
53002154,7580
53002157,710
53002177,99
53002184,450
53002422,204
53002900,7
53002905,422
53002919,3395
53002921,10
53002922,6
53002924,39
53002925,2
53002928,12
53003006,31
53003204,246
53003241,22
53003341X,-57
53003803,2
53003903,23
53003932AB,2027
53003956,56
53004051,397
53004116K,19
53004241,-12
53004247,133
53004265,36
53004369,2
53004376,2034
53004383,170
53004433,352
53004466,157
53004522,7
53004538,8
53004538K,5
53004539,226
53004810,7068
53004812,4
53005056,34
53005079,332
53005084,215
53005085,88
53005200,173
53005201,1
53005202,107
53005205,49
53005206,2
53005207,269
53005218,253
53005309,440
53005542,1
53005650,569
53005923,9
53005991G,269
53006,58
53006010,48724
53006090,
53006152,1281
53006180,402
53006192,130
53006244,6
53006529,2285
53006625,856
53006695,1221
53006722,100
53006723,2145
53006724,2103
53007232,1
53007386,231
53007449,216
53007449AC,56
53007539,56
53007543,3065
53007787,154
53007809,197
53007978,327
53008134,15
53008134K,20
53008259,18
53008283,80
53008337,803
53008427,1
53008610,119
53008654,50
53008722,113
53008767,436
53008778,1759
53008860K,77
53009001,109
53009077,14
53009180AB,760
53009181,2101
53009379,68
53009508,861
53009549AB,1139
53009886,3635
53009887,3104
53010,96
53010085,127
53010149,720
53010150,5
53010158P,111
53010230,4
53010238,528
53010254,18
53010257,46
53010279,535
53010283,4
53010309,-25
53010310AB,3339
53010311,17
53010334,5
53010340K,22
53010388,4545
53010419,235
53010424,2848
53010444,1276
53010445,534
53010512AA,129
53010513AA,70
53010515AA,479
53010552K,83
53010554AA,4814
53010587AA,452
53010615AB,565
53010624AC,28
53010630AB,15
53011035,275
53011097,195
53011098,529
53013136AD,734
53013209AC,36
53013263AB,620
53013292AB,4789
53013324AA,136
53013490AA,35
53013533AA,9752
53013598AB,466
53013599AB,429
53013775AB,4702
53013905AC,4
53013932AB,246
53013932K,39
53013933AB,289
53013943AA,1445
53013944AA,1349
53020115,810
53020126,292
53020222,190
53020229,24
53020233,784
53020280,110
53020366,64
53020443,74
53020445,75
53020519AB,81
53020578,-2
53020673AC,623
53020675AE,73
53020678AC,9
53020678K,9
53020679,2
53020689K,27
53020742AC,1888
53020747AB,87
53020748AB,67
53020749AC,64
53020752AD,6570
53020758AC,648
53020779,
53020788,955
53020790,3744
53020827AB,185
53020831,17
53020833AB,294
53020833K,24
53020861,3449
53020862,901
53020865,2341
53020873AC,130
53020877,379
53020878,90
53020887AB,2611
53020889AC,1113
53020910,132
53020918,11
53020918K,16
53020938,2
53020989,319
53020991,760
53020992,507
53021021,26
53021032,6433
53021051,277
53021056,32
53021057,569
53021077,4
53021144AA,728
53021168AA,27
53021170AA,72
53021239AA,1872
53021249AA,19
53021250AA,16
53021290AA,31
53021291AD,23
53021291AF,81
53021292AB,59
53021293AA,49
53021294AA,27
53021295AA,36
53021313AA,1061
53021393AA,-1
53021538P,22
53021569AD,2390
53021578AA,1029
53021581AC,21
53021582AD,11
53021620AE,529
53021621AE,551
53021622BH,127
53021644AC,8
53021755AB,98
53021755K,31
53021756AB,1
53021779AC,195
53021779K,25
53021796AA,390
53021842AA,523
53021843AA,441
53021894AA,117
53021958AA,2262
53021959AA,2290
53021990AA,10
53022008AA,379
53022009AA,386
53022090AB,10436
53022095AF,197
53022115AH,435
53022143AB,4710
53022162AA,441
53022221AA,3779
53022316AC,18
53022317AC,5
53022320AB,3961
53022340AC,244
53030001,147
53030017,4071
53030262,12
53030343,11
53030450,151
53030730,214
53030778,33
53030840,199
53030934,-3
53030952AB,3623
53030958AC,251
53031099,17
53032037AC,235
53032382AB,505
53032383AB,109
53032389AC,16
53032509AM,40
53032701AA,127
53032704AB,4
53032763AA,78
53032832AH,1415
53032833AH,1399
53032860AA,137
53032956AA,99
53034002AA,825
53034018AE,725
53034029AD,1322
53034030AC,1697
53034058AC,89
53034081AA,351
53034094AA,205
5303842AB,6
5303843AB,2
53054313,19
53054315,431
53054317,109
53054339,12
5351302K,34
5351375,2203
5352169W,673
5352476HK,14
5354689K,19
5355322,904
5355457K,
5356183R,139
5356183RK,-1
5356651K,83
5356661K,-121
5357373K,-19
5357499K,-8
5357620K,63
5358568H,91
5358568RK,
5359007K,-11
5359011K,-2
5359275H,19
5359275R,12
5359835K,19
5360104K,7
5360174K,6
5360174MK,10
5362090K,-40
5362920K,-107
5363421H,-31
5363421R,213
5363421RK,5
5370019R,
54003086,73
5455301K,60
5455302K,89
5455348,736
5455853K,119
5457117NR,231
5457197C,138
5457198C,224
5459189B,-48
5462446K,-34
5462736K,140
5463657K,189
55000153,559
55000299,116
55000682,36
55000683,35
55002229,60
55002244,688
55002245,779
55002308,231
55002309,211
55002361,4634
55003232,1509
55003232K,107
55003233,1467
55003236,1494
55003237,1508
55003238,1892
55003239,1981
55003240,1224
55003242,1831
55003243,1844
55005528,288
55007128AB,
55007129AB,7
55007134,-2
55007403,-11
55008046,1382
55008047,2485
55008099,2462
55008119,414
55009127,-209
55009343,2052
55009742,1649
55009801K,750
55009801KS,816
55009828,414
55009829,449
55010064,310
55010655K,170
55012573,258
55012900AB,394
55013144,53
55013350,-57
55013514,71
55013515,71
55015783,9
55016210,280
55017480,911
55019988,480
55020432,971
55022077,355
55022102,1478
55022103,713
55024254,82
55024255,64
55024926,816
55024927,808
55026014,-14
55026030,175
55026257K,3
55028214,4918
550294545K,97
55029454K,158
55029455K,182
55029558,37
55029560,23
55031834,8
55031835,9
55032684,10
55032692,5
55034046,7
55034074,842
55034075,992
55034078,991
55034079,720
55034120,1
55034121,
55034122,9
55034123,12
55034126,15
55034127,9
55034131,9
55035565,6
55035618,104
55036145,174
55036366,2
55036473,
55037205AB,
55037473AB,56
55037659AA,14
55037691AB,20
55037730AD,-8
55037903AA,489
55037912AA,513
55037920AB,343
55037921AE,
55037947AD,146
55037948AD,195
55038001AH,1
55038004AD,4
55038011AB,903
55038022AA,132
55038025AA,285
55038026AG,223
55038121AC,151
55038128AC,35
55038223AD,29
55038729AA,446
55052607,847
55054576,703
55054577,637
55054580,439
55054581,377
55054832,696
55054833,536
55054890,75
55054930,835
55054931,941
55054945,784
55054945K,
55054992,627
55054996,44
55055014,1906
55055046,1018
55055047,1210
55055136,111
55055137,84
55055142,64
55055143,31
55055146,158
55055147,9
55055274AB,17
55055275AB,5
55055280AB,308
55056382AA,3819
55056622AE,77
55056633AB,
55056635AA,5
55056699AA,10
55056726AA,40
55057203AB,344
55057204AB,325
55074990,235
55074990K,72
55074991,-5
55074991K,-10
55075432,6
55075433,5
55075653,207
55075655,89
55076016AE,-5
55076024AD,114
55076025AD,-3
55076056AB,
55076057AB,-1
55076092,17
55076093,11
55076109,424
55076221,3655
55076222K,-23
55076222MK,-31
55076307,4009
55076310AB,23
55076401,8
55076466AG,15
55076467AG,22
55076469AG,13
55077859AC,116
55077884AD,-4
55077885AD,-3
55077890AC,24
55077891AC,19
55077894AD,88
55077895AD,109
55077966AC,37
55077967AC,7
55078138AA,3782
55078139AA,4162
55078146AC,49
55078147AC,91
55079049AA,6119
55079049K,944
55079096AA,12
55079097AA,12
55079191AE,6
55079222AH,1926
55079223AG,1911
55079228AD,24
55079229AD,29
55079292AG,2
55079293AH,9
55111016AC,503
55111394AC,224
55112698AB,5
55112699AB,3
55112720AB,4
55112721AB,2
55113020AF,343
55116792AA,554
55116813AA,16
55116842AB,7
55116863AC,676
55116864AE,606
55116865AC,65
55116866AA,365
55116928AA,4
55134536,29
55134537,-3
55134656,7038
55134724,19
55135532AB,360
55135636AD,39
55135878AF,100
55135879AF,66
55135890AF,1384
55135891AF,996
55135898AE,781
55135899AE,722
55135958AJ,16
55136228AD,21
55136229AC,10
55136699AC,13
55136761AB,53
55136764AA,39
55154613,8
55154802,39
55154803,13
55154919,-19
55154946AC,222
55154947AC,180
55154948AC,231
55154949AC,189
55154951AC,114
55154958AI,6
55154959AI,11
55154966AB,23
55154983AB,87
55155116,1901
55155128AB,5
55155129AB,9
55155129AJ,2
55155136AB,632
55155312,7
55155498,18
55155576AE,94
55155577AE,122
55155624AC,157
55155628AB,810
55155628ABC,260
55155629AB,1424
55155629ABC,634
55155649,126
55155658,82
55155660,261
55155675AC,-22
55155676AF,343
55155677AF,310
55155678AD,769
55155679AD,958
55155680AD,502
55155681AD,888
55155740AA,84
55155757AA,-185
55155760AB,550
55155800AC,4
55155836AH,16
55155837AF,20
55155839AI,8
55155840AI,6
55155841AI,8
55155843AI,19
55155990AA,200
55155991AA,84
55156172AA,-105
55156374LK,171
55156374M,425
55156429AA,78
55156453AE,23
55156454AE,13
55156455AE,1
55156608AA,4
55156615AE,9
55156620AF,14
55156621AF,14
55156728AB,4000
55156728K,650
55156733AC,18
55156753AB,3
55156866AA,7
55156882AB,5
55156883AB,32
55157011AD,9
55157032AA,33
55157033AA,24
55157055AA,4207
55157072AG,6
55157140AA,3
55157319AA,5340
55157338AE,3
55157410AD,4
55157411AD,7
55157482AE,4
55157483AE,3
55174607AD,
55174994,332
55175041AH,-73
55175042,542
55175042K,29
55175043AH,354
55175268AB,45
55175269AB,872
55175664AB,458
55175664K,26
55175665,503
55175896AE,2
55175897AE,-4
55176180,1125
55176180K,-29
55176180MK,-33
55176184,180
55176222,828
55176222MK,39
55176223,822
55176224,196
55176225,182
55176248,253
55176337,435
55176340AG,248
55176422,218
55176428AC,5436
55176430AD,147
55176476AB,597
55176476K,248
55176477AB,280
55176547AB,17
55176548AB,612
55176548K,
55176548MK,-40
55176549AB,546
55176564AC,77
55176565AC,30
55176567AC,132
55176594,32
55176636AD,-116
55176636K2,146
55177100AD,10
55177101AD,8
55177200AF,2
55177256AB,244
55177257AB,190
55177482AA,1152
55234544,297
55234545,113
55234777,120
55234777K,-4
55235214,39
55235226,9
55235227,8
55235404,352
55235408,22
55235409,85
55235483AD,401
55235571AB,336
55235646,
55254574,
55254847,1914
55345059,-1
55345519,-69
55345947,20
55360034AJ,21
55360035AJ,23
55360332AF,9
55360334AF,25
55360335AF,19
55360614AB,29
55360966AA,700
55363284AC,2
55363285AC,9
55366298AA,1190
55394098AE,10
55394322AB,36
55394450AB,3
55394451AB,4
55395014AB,53
55395060AB,121
55395060K,
55395061AB,101
55395241AE,828
55395243AB,774
55395268AD,354
55395269AD,349
55395274AU,45
55395275AU,-28
55395384AC,381
55395384K,230
55395384K4,44
55395384K8,36
55395385AC,433
55395396AE,1487
55395578AB,91
55395578K,46
55395579AB,61
55395650AD,4083
55395653K2,430
55395703AD,505
55395709AE,883
55395757AE,184
55397012AA,4282
55397089AB,3391
55397090AB,3715
55397093AC,20
55397093K,222
55397093K8,191
55397112AA,3491
55397116AB,596
55397117AB,555
55397130AC,4659
55397132AB,4633
55397209AA,5143
55397226AA,1043
55397279AB,703
55397454AL,685
55398182AA,-9
55399048AB,2027
55399212AD,954
55399213AD,911
55399214AF,980
55399215AF,983
55399255AE,456
55399256AE,443
55399290AF,921
55399291AF,951
56000098,210
56000099,198
56000110,831
56000111,-16
56000174,
56000212,273
56000213,426
56000409,3011
56000598,114
56000638,1875
56000639,2086
56000852,254
56000853,65
56000887,10
56000903,8
56001132,737
56001254,914
56001260,715
56001278,499
56001279,335
56001378,765
56001402,1591
56001424,5124
56001449,4
56001459,29
56002053,19
56002134,94
56002135,207
56002190,59
56002522,3
56002684,108
56002688,87
56002947,59
56002950,11
56003010,7
56003011,11
56003100,1105
56003105,221
56003151,149
56004354,12
56004378,
56004815,472
56004879,30
56004881,229
56004934,16
56005098,474
56005098AB,78
56005099AB,17
56005104,104
56005105,24
56005110,803
56005111,513
56005181,138
56005195,47
56005685,15
56005900,495
56006212,6
56006240,122
56006247,27
56006403,10615
56006404,12552
56006405,11837
56006965,1290
56006966,1051
56006981,26
56007163,15
56007189,15
56009047,10
56009071,6
56016720,195
56018648AC,-31
56018649AC,52
56021346,18
56022320AA,10
56022321AA,4
56026701,17
56026710,122
56026719,1239
56026746,84
56026770,5
56026779,332
56026811,18
56026876,1262
56026882,28
56026921,560
56026936,3
56027012,284
56027019,3119
56027023,330
56027027AB,144
56027028,48
56027272,108
56027275,1245
56027280,21
56027722,11
56027723,22
56027865AB,-4
56027866AC,79
56027866AE,23
56027870,83
56027906AC,8
56028138AF,123
56028172,-3
56028181AB,21
56028189,96
56028196AD,221
56028394AD,34
56028686AA,6
56028807AB,1825
56028815AA,355
56029129AB,56
56029405,-33
56029447AF,869
56029852AA,131
56030005,121
56030012,174
56031003,209
56031005,75
56041012AE,66
56041013AB,2
56041018,844
56041019,31
56041030,122
56041034,261
56041308AA,116
56041322,2
56041324AC,2
56041393AA,224
56041394AA,7
56041402AB,231
56041403AA,463
56041476AA,141
56041509AA,80
56041552AD,1177
56041864AB,5
56041889AA,1539
56041914AC,7
56042299AG,13
56044146AB,1412
56044380AI,2
56044530AC,25
56047103AC,48
56047105AC,179
56047144AA,104
56055463AB,891
57000051,20
57010077AE,12
57010078AC,10
57010098AC,13
57010124AA,2
57010125AA,2
57010170AE,1
57010171AE,2
57010185AC,3
57010187AC,4
57010213AC,968
57010214AC,958
57010716AC,915
57010717AC,939
57010719AF,879
57010720AC,1716
57010721AC,1620
5710618,11
5732482,6
5752141,174
5752813K,1747
5758172K,18
5758172MK,10
5758254C,146
5758255C,153
5764665K,42
6032920,8813
6033862,538
6035515,64
6035516,597
6035709,1561
6035757,3783
6035836,7618
6035836K6,351
6035968AA,4420
6036155AA,1178
6036424AA,18172
6100525,
6101485,2298
6101486,351
6101487,106
6101489,2440
6101523,1184
6101640,87
6101641,102
6101642,80
6101643,91
6101645,60
6101679,23
6101851,222
6104257AA,111
6104718AA,1770
6104719AA,4860
630359,820
630398,466
630534,315
635641,857
635811,4297
635812,3876
636879,220
637834,1028
637900,366
638629K,-5
638798,99
638948,327
639115,845
639119,1237
639265,1443
639650,348
639993,4508
640131,182
640397K,88
640417,-6
640685,-1
640763,97
640783,6115
640784,9934
641096,692
641275,155
641482,435
641878K,-4
641955,83
642188K,87
642624,300
644552,
646147,892
647693,
648065,211
648927,2078
649941,93
6500911,1535
6501773,830
6501948,336
6502114,1126
6502696,2231
6502697,1636
6502698,1214
6502738,6686
6502871,292
6502979,1482
6502991,4257
6503106,887
6503198,1816
6503198K,283
6503259,14614
6503598,943
6503709,415
6504014,2301
6504030,965
6504118,1192
6504212,2439
6504236AB,703
6504238,665
6504238K,427
6504601,172010
6505141AA,1855
6505319AA,366
6505465AA,6883
6505539AA,62
6505549AA,9580
6505667AA,107
6506007AA,9115
6506100AA,1371
6506132AA,424
6506161AA,4031
6506214AA,604
6506293AA,196
6506454AA,1152
6506566AA,4675
6506825AA,2209
6506825K6,261
6506825K8,273
6506825MK,240
6506826AA,7418
6507152AA,28
6507676AA,1355
6507686AA,1446
6507901AA,595
6508072AA,191
6508707AA,9643
6508712AA,164
6508746AA,949
6508914AA,245
6508947AA,68
6509101AA,6511
6509135AA,407
6509422AA,5251
6509522AA,69
6509673AA,565
6509761AA,753
6510520AA,247
6510734AA,1379
6510766AA,870
674234,51
68000470AA,906
68000683AB,62
68000693AB,367
68001297AA,190
68001313AB,1758
68001386AA,11
68001402AA,22
68001591AA,245
68001627AA,2212
68001777AA,47
68001798AB,250
68002350AB,2
68002389AA,1845
68002398AD,12
68002399AD,13
68002490AB,409
68002896AA,906
68002897AA,845
68003121AC,736
68003138AC,1950
68003262AA,188
68003268AA,132
68003270AA,787
68003272AA,103
68003275AA,638
68003281AC,-19
68003282AA,6657
68003322AA,28
68003352AA,116
68003353AA,16
68003427AC,83
68003533AA,82
68003534AA,18
68003546AA,111
68003554AA,2196
68003555AA,19
68003556AA,596
68003557AA,23
68003558AA,8
68003564AA,85
68003569AA,47
68003570AA,2765
68003582AB,374
68003589AA,95
68003589HK,292
68003610AA,12
68003619AA,279
68003697AA,109
68003698AA,422
68003701AA,127
68003705AA,978
68003707AA,75
68003721AA,11
68003723AA,12
68003772BLK,445
68003775AA,87
68003776AA,409
68003882AA,305
68003941AB,3
68003989AA,7
68003993AA,48
68003994AA,6
68004049AA,9
68004052AB,1
68004053AA,1
68004070AB,405
68004073AA,4446
68004075AA,736
68004076AA,9477
68004080AA,51
68004081AA,45
68004085AA,214
68004086AA,260
68004087AA,239
68004090AA,4550
68004095AB,30
68004166AA,490
68004167AA,180
68004180AB,1272
68004181AB,1106
68004194AC,139
68004195AA,8
68004196AA,517
68004296AA,3
68005011AB,38
68005014AC,23
68005015AC,30
68005016AC,11
68005017AC,17
68008523AA,207
68014931AA,1056
68014948AA,907
68014949AA,919
68014950AA,10
68014951AA,11
68017175AB,6
68017180AB,34
68017181AB,471
68017183AB,23
68017185AA,8970
68017712AB,948
68017937AA,841
68018916AB,32
68018929AA,27
68019471AA,3
68019643AB,181
68019927AA,2217
68020252AB,494
68020261AB,391
68020278AA,6
68020438AA,3872
68022107AC,89
68022628AD,398
68022629AD,515
68024891AB,725
68025360AA,1
68026549AA,1
68027359AA,661
68027600AA,1980
68027602AA,146
68027603AA,334
68027611AB,248
68027792AA,431
68027795AA,6
68027797AA,9
68028605AJ,714
68028671AA,10
68029024AB,997
68029429K,5
68029520AE,531
68029521AD,2557
68029524AA,373
68029590AE,1587
68029591AD,1953
68029646AE,2198
68029719AB,4
68029829AB,4286
68029954AA,8
68030940AA,2466
68031383AA,164
68031478AA,520
68031873AA,423
68031956AA,723
68032204AB,598
68032253AB,192
68032496AA,3674
68032581AD,936
68033193AA,120
68033227AA,6
68033228AA,24
68033237AB,3
68033745AB,7
68033794AA,128
68034993AA,15
68035012AB,114
68035016AB,2
68035022AB,105
68035568AA,3
68035574AA,
68035575AA,681
68036552AA,9602
68037063AE,3
68038560AA,2964
68038761AA,2
68038826AB,2
68039478AC,59
68040177AA,133
68040206AA,455
68040408AA,15
68040680AA,2772
68040931AB,345
68041017AB,336
68041620AA,364
68041621AA,514
68046026AA,494
68046210AB,3
68048466AA,248
68048467AA,1328
68048757AA,367
68049018AA,6168
68051842AA,421
68051843AA,419
68052292AA,1660
68052292K,114
68052361AA,33
68052362AB,402
68052363AB,407
68052365AA,42
68052367AA,187
68052368AA,53
68052370AA,36
68052375AA,47
68052376AA,215
68052377AA,214
68052380AA,129
68052381AA,125
68052383AA,57
68052386AA,6
68052897AC,35
68053132AA,4266
68056244AA,196
68059644AA,
68059645AA,7
68060366AA,418
68061369AA,5
68064273AB,3196
68064720AA,361
68064721AA,2638
68065503AA,700
68065923AA,749
68065923K,9
68066486AA,264
68067150AB,948
68069532AA,5
68069646AA,26
68069647AA,23
68069648AB,1120
68069654AB,193
68069655AB,27
68069671AC,138
68069675AD,150
68069682AA,600
68071223AA,1
68078268AB,2
68078271AB,1
68078540AC,68
68078584AA,10701
68078950AA,1
68079246AA,697
68079364AC,1
68079375AB,208
68079480AA,219
68079484AA,7
68079487AA,181
68079589AA,2824
68079654AH,13
68079655AH,11
68079744AB,1086
68079800AA,993
68079859AA,840
68079868AA,977
68079869AA,890
68079924AA,6
68079925AA,9
68080450AA,5
68080831AA,30
68080867AA,960
68081399AB,4
68083133AB,1814
68083225AA,-1
68084183AA,2873
68084595AA,1400
68086141AA,5267
68087340AA,297
68087359AG,3
68087362AC,340
68087448AC,685
68087449AB,720
68087455AA,2798
68088040AA,423
68088043AA,424
68088498AD,280
68088499AD,394
68091278AB,350
68091500AD,51
68091510AA,4
68091511AA,5
68091512AA,8
68091521AA,6
68091523AA,29
68091524AA,18
68091772AB,6
68091853AA,714
68093232AA,1459
68096078AB,7
68102087AA,31
68102155AD,12
68102846AE,3
68102847AE,3
68102906AF,2
68102907AF,3
68102920AC,3
68102921AC,3
68103072AC,10
68103969AA,134
68109834AA,227
68109863AA,17
68109898AC,10
68110016AD,9
68110017AD,1
68110950AC,626
68111469AA,5
68138374AC,4960
68138375AC,4963
68139723AA,1833
68139994AB,22
68140033AA,1156
68140678AB,216
68141123AC,153
68141376AB,967
68141936AD,1
68142880AB,2115
68143070AD,2
68143073AC,5
68143076AD,-2
68143096AC,6
68143097AC,10
68143895AA,7
68144427AB,26
68144511AC,1440
68145054AA,16
68145055AA,21
68148386AA,33
68155259AA,86
68155868AB,166
68156156AB,7
68156562AB,1938
68156563AB,1958
68160691AA,65
68160698AC,32
68164058AD,17
68164059AD,17
68164091AF,14
68164356AB,4909
68164356K,400
68165050AC,6
68166067AA,1930
68184808AC,436
68184809AC,428
68191349AA,189
68192984AA,456
68194930AA,7
68194931AA,3
68195037AA,1013
68197111AA,14
68197131AA,1
68197138AB,12
68197139AA,13
68197298AB,17
68197299AB,4
68203087AA,4
68203105AA,31
68203108AA,11
68207291AC,1963
68211202AB,189
68211424AA,464
68212010AA,470
68212011AA,464
68212325AA,82
68212326AA,45
68212327AC,7
68213204AA,2423
68213205AA,2416
68213436AC,1967
68223044AA,491
68223399AA,627
68223400AA,602
68223469AA,969
68223470AA,965
68223471AA,8
68224731AC,1062
68224732AC,1065
68224850AE,51
68224851AE,51
68224852AE,60
68224853AE,61
68225067AA,5
68225170AD,4
68225204AA,96
68225214AA,663
68225302AB,37
68227573AD,9
68229211AA,55
68229290AC,5
68229611AA,12
68229612AA,15
68240768AA,67
68242286AB,421
68244088AA,22
68246267AB,19
68246453AA,50
68246489AA,948
68246496AA,773
68246551AA,1988
68246731AA,936
68246746AA,453
68246753AA,450
68247204AA,43
68247207AA,817
68247208AA,1
68247339AA,802
68247974AA,483
68247999AA,434
68248006AA,433
68248043AA,436
68248089AA,
68248149AA,4
68248150AA,7
68249846AC,13
68249847AC,11
68251638AA,1004
68253514AA,508
68254966AB,14
68254967AA,26
68254968AA,10
68254969AA,4
68256431AA,3
68256432AA,2
68256471AA,892
68258362AA,365
68258363AA,461
68258599AA,547
68260443AA,2426
68260443K,513
68260449AA,6
68263130AA,451
68263133AA,3041
68263295AA,449
68265766AA,464
68265769AA,468
68266515AA,515
68267916AA,991
68267930AA,286
68267931AA,284
68267933AA,2105
68268687AA,156
68270814AB,17
68270815AB,12
68272334AC,7
68272335AB,4
68273402AA,2
68275052AA,927
68275249AA,929
68299170AB,14
68299171AB,4
68303052AA,7
68304271AA,1125
68304339AA,158
68313815AA,465
68321886AB,4
68321887AB,1
68338536AA,19
7072441X,4
7072443X,3
7072444X,13
7109K,72
7375336,144
800093K,1187
801179,2166
801344,70
801425,968
804535,863
8053050C,209
808770KE,
808770KL,
809236,989
810585,209
8120081K,-5
8120221K,15
8121299K,115
8122392K,6
8122874K2,25
8122874K3,170
8124564,6
8124999K,4
8126637BC,24
8126637SP,21
8126681K,27
8126685,65
8126964,378
8127070K,30
8127071K,9
8127079K,25
8127081K,33
8127842K,-23
8128488K,-5
8128585PL,-1
8129373K,-5
8130014,
8130369HD,840
8130370HD,862
8132676K,314
8133252K4,12
8133252K6,4
8133254K6,4
8133730K,36
8133818MK,23
8133818MK44,10
8133885K,24
8133886K,36
8134036K,174
8134350K,146
82200314,7
82200529,-34
82200683K,-27
82200834CK,71
82200834K,-23
82201772,727
82201773,742
82201773C,25
82208300K,85
82213051AB,242
83300000,72
83300051,144
83300057,-2
83300061,840
83300077,1
83300085,13
83300088,222
83300090,75
83300156,42
83320007,40
83500067,3250
83500074,23
83500184,317
83500187,4
83500191,4
83500192,9
83500199,2696
83500201,1289
83500202,1268
83500203,4
83500210,31
83500263,298
83500267,14
83500285,245
83500300K6,38
83500301K4,3
83500301K6,8
83500369,188
83500380,6
83500409,446
83500492,715
83500505,937
83500506,399
83500512,32
83500513,
83500515,10
83500519,29895
83500520,696
83500521,1330
83500525,4
83500526,11
83500536,6
83500538,3
83500550,13
83500551,668
83500555,
83500557,109
83500560,196
83500561,82
83500562,161
83500563,408
83500564,167
83500565,104
83500566,171
83500567,454
83500568,64
83500569,63
83500570,18
83500573,1997
83500575,26
83500577,8
83500578,1777
83500580,296
83500623,-10
83500629,515
83500632,381
83500641,1
83500642,153
83500643,8
83500644,28
83500669,12
83500670,2
83500678,36
83500698,681
83500729,891
83500767,
83500786,8713
83500797,13
83500804,2
83500807,4
83500813,8
83500843,
83500847,9
83500854,18
83500873,2
83500896,6
83500921,12
83500934,69
83500964,110
83500969,-2
83500970,3
83500971,7
83500987,4
83500990,8927
83500994,567
83500998,891
83500999,468
83501003,155
83501009,7249
83501113,81343
83501166,52
83501167,31
83501167MK,42
83501167TI,12
83501398,48
83501425,179
83501426,562
83501426T,1680
83501451,18
83501486,
83501595,1391
83501814,4054
83501825,76
83501827,68
83501843,401
83501871,9
83501893,
83501893K,5
83501895,
83501902,3
83501947,1
83502058,36
83502100,34
83502112,76
83502116,4
83502149,-4
83502174,9
83502261,
83502327,9
83502332,513
83502333,60
83502375,-7
83502384,21
83502385,35
83502400,142
83502491,10
83502614,2
83502632,11
83502633,22
83502635,7
83502645,28
83502646,11
83502648,1
83502655,6
83502662,3
83502680,6493
83502681,47
83502682,295
83502719,8
83502745,14707
83502829,117
83502833,38
83502855,123
83502866,11
83502883,-1
83502908,37
83502924,
83502957,31
83502960,1
83502960PL,-1
83502961,15
83502978,95
83502979,10
83502980,222
83502990,-24
83503002,507
83503010,7624
83503022,718
83503053,18281
83503063,-77
83503064,-97
83503068,
83503077,1345
83503105,4
83503108,13
83503112,3
83503118,2041
83503137,46190
83503156,748
83503201,10
83503209,11
83503234,1439
83503246,280
83503249,13
83503250,8231
83503318,188
83503350,33
83503383,-7
83503384,68
83503385,4706
83503388,128
83503390,1251
83503402,9
83503485,53
83503489,118
83503495,3
83503504,488
83503507,3
83503514,4958
83503530,562
83503543,165
83503555,464
83503571,19
83503572,140
83503574,
83503579,506
83503582,342
83503635,229
83503637,431
83503643,626
83503655,139
83503662,9
83503670,-25
83503671,10
83503693,4
83503695,1612
83503712,25
83503752,57
83504032,306
83504032G,196
83504034,114
83504041,135
83504048,98
83504055,1860
83504097,151
83504099,257
83504103,3
83504173K,5
83504190,2849
83504197,2
83504310,164
83504316,77
83504317,-5
83504346,75
83504371,7
83504375,2984
83504376,3
83504380,448
83504410,15
83504419,1586
83504447,-107
83504575,16
83504635,705
83504647,113
83504661,201
83504708,3515
83504747,1270
83504754,2692
83504813,3
83504851,9
83504918,171
83504934,9
83504934K,8
83504938,35
83504946,464
83504960,17
83504961,9
83505118,1423
83505122,5290
83505125,6
83505205,164
83505290,592
83505425,758
83505444,480
83505447,1409
83505448,8
83505451,312
83505472,-1
83505567,153
83505601,
83505641,
83506017,507
83506018,88
83506021,
83506022,327
83506023,
83506025,4
83506026,5
83506027,211
83506029,14
83506030,50
83506031,11
83506032,138
83506033,637
83506047,3
83506052,4
83506053,
83506055,3
83506073,381
83506074,14
83506075,599
83506076,1285
83506077,1772
83506078,934
83506079,446
83506080,684
83506242,35
83506243,1
83506245,2047
83506247,30
83506248,21
83506249,14
83506250,16795
83506251,4656
83506252,718
83506253,706
83506256,43149
83506257,159
83506259,82
83506616,
83507079K,13
83507079K4,-1
83507095,-1
83507178,1571
83507180,459
83510015,82
83510055,656
83510193,16868
89017524,18
905594,33
907653,58
909335,52
909459,6
910087,
910144,4
914845,127
917992,4832
922076,744
922717,83
923068,195
923068E,-35
926157,5
927416K,67
927417,20
931463,42
932111,721
938192,803
941888,4
941889,11
941998,192
942115K,134
943131A,18
943132A,77
9438848,233
944332,97
973727,23
978995K,13
984705,13
984706,6
986495,-2
988003,2848
991020X,15
991021X,92
994020K,1020
994021K,258
998475HT,230
998710K,379
999210,-39
